<?xml version="1.0" encoding="UTF-8"?>
<!DOCTYPE mapper PUBLIC "-//mybatis.org//DTD Mapper 3.0//EN" 
	"http://mybatis.org/dtd/mybatis-3-mapper.dtd">
	
<mapper namespace="com.ssafy.test.model.dao.board.BoardCommentDao">
	<resultMap type="boardComment" id="boardComment">
		<result column="id" property="id"/>
		<result column="user_id" property="userId"/>
		<result column="content" property="content"/>
		<result column="created_time" property="createdTime"/>
		<result column="board_no" property="boardNo"/>
	</resultMap>
	
	<insert id="postComment" parameterType="boardComment">
		INSERT INTO board_comment(user_id, content, board_no)
		VALUES(#{userId}, #{content}, #{boardNo})
	</insert>
		
	<update id="putComment" parameterType="boardComment">
		UPDATE board_comment 
		SET content = #{content}
		WHERE id = #{id} 
	</update>
	
	<delete id="deleteComment" parameterType="int">
		DELETE FROM board_comment
		WHERE id = #{id}
	</delete>
	
	<select id="getCommentList" parameterType="int" resultType="boardComment">
		SELECT *
		FROM board_comment
		WHERE board_no = #{board_id}
	</select>
</mapper>