<?xml version="1.0" encoding="UTF-8"?>
<!DOCTYPE mapper PUBLIC "-//mybatis.org//DTD Mapper 3.0//EN" 
	"http://mybatis.org/dtd/mybatis-3-mapper.dtd">
	
<mapper namespace="com.ssafy.test.model.dao.board.BoardLikeDao">
	<resultMap type="boardLike" id="boardLike">
		<result column="id" property="id"/>
		<result column="user_id" property="userId"/>
		<result column="article_no" property="articleNo"/>
	</resultMap>
	
	<resultMap type="BoardLikeResponse" id="BoardLikeResponse">
		<result column="id" property="id"/>
		<result column="user_id" property="userId"/>
		<result column="article_no" property="articleNo"/>
		<result column="title" property="title"/>
		<result column="content" property="content"/>
		<result column="hit" property="hit"/>
		<result column="created_at" property="createdAt"/>
	</resultMap>
	
	<insert id="postLike" parameterType="boardLike">
		INSERT INTO board_like(user_id, article_no)
		VALUES(#{userId}, #{articleNo})
	</insert>
	
	<delete id="deleteLike" parameterType="boardLike">
		DELETE FROM board_like
		WHERE user_id = #{userId} AND article_no = #{articleNo}
	</delete>
	
	<select id="getBoardLike" parameterType="boardLike" resultType="boardLike">
		SELECT *
		FROM board_like
		WHERE user_id = #{userId} AND article_no = #{articleNo}
	</select>
	
	<select id="getBoardLikeList" parameterType="string" resultType="BoardLikeResponse">
		SELECT l.id, l.user_id, b.article_no, b.title, b.content, b.hit, b.created_at
		FROM board_like l INNER JOIN board b ON l.article_no = b.article_no
		WHERE l.user_id = #{userId}
	</select>
</mapper>