<?xml version="1.0" encoding="UTF-8"?>
<!DOCTYPE mapper PUBLIC "-//mybatis.org//DTD Mapper 3.0//EN" 
	"http://mybatis.org/dtd/mybatis-3-mapper.dtd">
	
<mapper namespace="com.ssafy.test.model.dao.board.BoardDao">

	<resultMap type="board" id="board">
		<result column="article_no" property="articleNo"/>
		<result column="title" property="title"/>
		<result column="content" property="content"/>
		<result column="hit" property="hit"/>
		<result column="created_at" property="createdAt"/>
	</resultMap>

	<insert id="regist" parameterType="board">
		INSERT INTO board(title,content,user_id)
		VALUES(#{title},#{content},#{userId})
		
		<selectKey keyProperty="articleNo" resultType="int" order="AFTER">
			SELECT LAST_INSERT_ID();
		</selectKey>
	</insert>
	
	<delete id="delete"  parameterType="int">
		DELETE FROM board
		where article_no=#{article_no}
	</delete>

	<update id="update" parameterType="board">
		UPDATE board SET title=#{title}, content=#{content}
		where article_no=#{articleNo}
	</update>
	
	<select id="listarticle" resultType="board" >
		select *
		from board;
	</select>
	
	<select id="detail" parameterType="int" resultType="board">
		select *
		from board
		where article_no=#{articleNo}
	</select>
	
	<update id="updateHit" parameterType="int">
		UPDATE board SET hit = hit + 1
		where article_no=#{articleNo}
	</update>
</mapper>