<?xml version="1.0" encoding="UTF-8"?>
<!DOCTYPE mapper PUBLIC "-//mybatis.org//DTD Mapper 3.0//EN" 
	"http://mybatis.org/dtd/mybatis-3-mapper.dtd">
	
<mapper namespace="com.ssafy.test.model.dao.follow.FollowDao">
	<insert id="reqFollow" parameterType="follow">
		INSERT INTO follow_wait(follower, followee)
		VALUES (#{follower}, #{followee})
	</insert>
	
	<select id="getReqFollow" parameterType="follow" resultType="follow">
		SELECT *
		FROM follow_wait
		WHERE follower = #{follower} AND followee = #{followee}
	</select>
	
	<select id="getReqFolloee" parameterType="string" resultType="FollowRes">
		SELECT m.user_id, m.user_name, m.emailid, m.domain
		FROM follow_wait f 
		INNER JOIN members m ON m.user_id = f.followee
		WHERE f.follower = #{follower};
	</select>
	
	<select id="getUserFollow" parameterType="string" resultType="follow">
		SELECT *
		FROM follow_wait
		WHERE followee = #{followee}
	</select>
	
	<select id="getUserFollowee" parameterType="string" resultType="followRes">
		SELECT m.user_id, m.user_name, m.emailid, m.domain
		FROM follow f 
		INNER JOIN members m ON m.user_id = f.followee
		WHERE f.follower = #{follower};
	</select>
	
	<select id="getUserFollower" parameterType="string" resultType="followRes">
		SELECT m.user_id, m.user_name, m.emailid, m.domain
		FROM follow f 
		INNER JOIN members m ON m.user_id = f.follower
		WHERE f.followee = #{followee};
	</select>
	
	<insert id="acceptFollow" parameterType="follow">
		INSERT INTO follow(follower, followee)
		VALUES (#{follower}, #{followee})
	</insert>
	
	<delete id="refuseFollow" parameterType="follow">
		DELETE FROM follow_wait
		WHERE follower = #{follower} AND followee = #{followee}
	</delete>
	
	<select id="followCheck" parameterType="follow" resultType="follow">
		SELECT *
		FROM follow
		WHERE follower = #{follower} AND followee = #{followee}
	</select>
</mapper>