<?xml version="1.0" encoding="UTF-8"?>
<!DOCTYPE mapper PUBLIC "-//mybatis.org//DTD Mapper 3.0//EN" 
	"http://mybatis.org/dtd/mybatis-3-mapper.dtd">
	
<mapper namespace="com.ssafy.test.model.dao.history.HistoryDao">
	<select id="getHistory" parameterType="string" resultType="SingleTripHistory">
		SELECT c.id, c.user_id, c.trip_name, c.status, c.created_at, a.content_id, a.first_image, a.title, a.addr1, a.content_type_id, a.latitude, a.longitude
		FROM comfirmed_plan c INNER JOIN attraction_info a ON c.content_id = a.content_id
		WHERE c.user_id = #{userId};
	</select>
	
	<update id="changeStatus" parameterType="tripHistory">
		UPDATE comfirmed_plan
		SET status = #{status}
		WHERE trip_name = #{tripName} AND user_id = #{userId}
	</update>
	
	<select id="search" parameterType="tripHistory" resultType="tripHistory">
		select DISTINCT user_id,trip_name
		from comfirmed_plan
		where status=1 and user_id!=#{userId} and content_id in (select content_id from comfirmed_plan where trip_name=#{tripName} and user_id=#{userId});
	</select>
	
	<select id="getCurTrip" parameterType="string" resultType="SingleTripHistory">
		SELECT c.id, c.user_id, c.trip_name, c.status, c.created_at, a.content_id, a.first_image, a.title, a.addr1, a.content_type_id, a.latitude, a.longitude
		FROM comfirmed_plan c INNER JOIN attraction_info a ON c.content_id = a.content_id
		WHERE c.user_id = #{userId} AND c.status=1;
	</select>
</mapper>