<?xml version="1.0" encoding="UTF-8"?>
<!DOCTYPE mapper PUBLIC "-//mybatis.org//DTD Mapper 3.0//EN" 
	"http://mybatis.org/dtd/mybatis-3-mapper.dtd">
	
<mapper namespace="com.ssafy.test.model.dao.talk.TalkDao">
	<insert id="registTalk" parameterType="talk">
		INSERT INTO talk(title, content, user_id)
		VALUES(#{title}, #{content}, #{userId})
	</insert>
	
	<select id="getTalkList" resultType="talk">
		SELECT *
		FROM talk
	</select>
	
	<delete id="deleteTalk"  parameterType="int">
		DELETE FROM talk
		WHERE article_no=#{talkId}
	</delete>

	<update id="updateTalk" parameterType="talk">
		UPDATE talk SET title=#{title}, content=#{content}
		WHERE article_no=#{talkId}
	</update>
	
	<select id="getList" parameterType="int" resultType="talk">
		SELECT *
		FROM talk
		WHERE article_no=#{talkId}
	</select>
</mapper>