<?xml version="1.0" encoding="UTF-8"?>
<!DOCTYPE mapper PUBLIC "-//mybatis.org//DTD Mapper 3.0//EN" 
	"http://mybatis.org/dtd/mybatis-3-mapper.dtd">

<mapper namespace="com.ssafy.test.model.dao.tripplan.TripPlanDao">

	<!-- type은 dto 이고 id는 밑에서 서줄꺼 -->
	<resultMap type="tripPlanDtoResult" id="tripPlanDtoResult">
		<result column="user_id" property="userId" />
		<result column="content_id" property="contentId" />
		<result column="title" property="placeName" />
		<result column="addr1" property="placeAdd1" />
		<result column="latitude" property="placeLng" />
		<result column="longitude" property="placeLat" />
	</resultMap>

	<insert id="regist" parameterType="tripPlanDto">
		INSERT INTO
		trip_plan(content_id,user_id)
		VALUES(#{contentId},#{userId})
	</insert>


	<select id="showList" parameterType="String"
		resultType="tripPlanDtoResult">

		SELECT tp.id,tp.user_id,
		ai.content_id,ai.first_image,ai.content_type_id, ai.title, ai.addr1,
		ai.latitude,
		ai.longitude

		FROM trip_plan tp
		JOIN attraction_info ai
		ON
		tp.content_id = ai.content_id
		WHERE tp.user_id = #{userId}
	</select>

	<delete id="remove" parameterType="int">
		delete from trip_plan
		where
		id=#{id};
	</delete>

	<insert id="postOwnPlan" parameterType="singleComfirmPlan">
		INSERT INTO
		comfirmed_plan(trip_name,content_id,user_id,created_at)
		VALUES(#{tripName},#{contentId},#{userId},now())
	</insert>


	<select id="getsamePlaceUser" parameterType="String"
		resultType="String">
		select DISTINCT user_id
		from comfirmed_plan
		where content_id in ( select content_id
		from trip_plan
		where user_id =#{userId}) and user_id != #{userId};

	</select>

</mapper>