<?xml version="1.0" encoding="UTF-8"?>
<!DOCTYPE mapper PUBLIC "-//mybatis.org//DTD Mapper 3.0//EN" 
	"http://mybatis.org/dtd/mybatis-3-mapper.dtd">
	
<mapper namespace="com.ssafy.test.model.dao.user.UserDao">
	<select id="login" parameterType="string" resultType="user">
		SELECT *
		FROM members
		WHERE user_id = #{userId}
	</select>
	
	<insert id="register" parameterType="user">
		INSERT INTO members(user_id, user_name, user_pass, emailid, domain, salt)
		VALUES(#{userId}, #{userName}, #{userPass}, #{emailid}, #{domain}, #{salt})
	</insert>
	
	<delete id="delete" parameterType="user">
		DELETE 
		FROM members 
		WHERE user_id = #{userId}
	</delete>
	
	<update id="update" parameterType="user">
		UPDATE members
		SET 
			user_name = #{userName},
			emailid = #{emailid},
			domain = #{domain}
		WHERE user_id = #{userId}
	</update>
	
	<select id="getList" resultType="user">
		SELECT *
		FROM members
	</select>
	
	<update id="updatePwd" parameterType="user">
		UPDATE members
		SET user_pass = #{userPass}
		WHERE user_id = #{userId}
	</update>
	
	<select id="getUserInfo" parameterType="string" resultType="user">
		SELECT user_id, user_name, emailid, domain
		FROM members
		WHERE user_id = #{userId}
	</select>
</mapper>